11,TEST,testing i it works
11,TEST,testing i it works
11,TEST,testing i it works
11,TEST,testing i it works
11,TEST,testing i it works
11,TEST,testing i it works
11,TEST,testing i it works
11,TEST,testing i it works
11,TEST,testing i it works
11,TEST,testing i it works
11,TEST,testing i it works
11,TEST,testing i it works
11,TEST,testing i it works
11,TEST,testing i it works
11,TEST,testing i it works
11,TEST,testing i it works
11,TEST,testing i it works
11,TEST,testing i it works
11,TEST,testing i it works
11,TEST,testing i it works
11,TEST,another abbreviation
11,TEST,testing i it works
